﻿<?xml version="1.0" encoding="UTF-8"?>
<restaurante>
<usuarios>
  <usuario>
    <login tipousuario="root">root</login>
    <contra>restaurante</contra>
  </usuario>
<usuario>
    <login tipousuario="empleado"></login>
    <contra></contra>
    <nombre></nombre>
    <apellidos></apellidos>
    <telefono></telefono>
    <correo></correo>
  </usuario>
<usuario>
    <login tipousuario="cliente"></login>
    <contra></contra>
    <nombre></nombre>
    <apellidos></apellidos>
    <telefono></telefono>
    <correo></correo>
  </usuario>
</usuarios>
<reservas>
  <reserva>
    <login></login>
    <nombre></nombre>
    <apellidos></apellidos>
    <telefono></telefono>
    <correo></correo>
    <datosreserva>
        <fecha></fecha>
        <hora></hora>
        <observaciones></observaciones>
    </datosreserva>
  </reserva>
</reservas>
</restaurante>